{
  "train_loss": [
    0.5812690629869601,
    0.5465262644335677,
    0.5340472457599325,
    0.5279006696730183,
    0.514274483662473,
    0.5117237995137701,
    0.5053123985970771,
    0.49924549898067555,
    0.4916974615318002,
    0.4875019201470685,
    0.4622238759482043,
    0.45827549496335845,
    0.4554428648523079,
    0.4553490092331406,
    0.44879044359292797,
    0.4493063894711657,
    0.4425737472044706,
    0.4394811851863349,
    0.44216076086933753,
    0.4415231248693603,
    0.4356138048954733,
    0.4399109054103159,
    0.44216303251489014,
    0.44089543849043344,
    0.4380913705215061,
    0.4451010365191303,
    0.44352159291275467,
    0.4396784866189623,
    0.44288354353032483,
    0.43966062126196526
  ],
  "val_loss": [
    0.5668420524973619,
    0.5464573112645543,
    0.5483991620235873,
    0.5412392432528331,
    0.5613908259790942,
    0.5502417877801976,
    0.587183299817537,
    0.5747757903615335,
    0.5809725243644905,
    0.5603698774387962,
    0.580880351980826,
    0.586586628641401,
    0.5967521052013961,
    0.5975619963834757,
    0.6085432460134789,
    0.6038964088996849,
    0.6038297998875305,
    0.6050361805691158,
    0.6062411495617458,
    0.6073433322117741,
    0.6081355052783077,
    0.6077745579239121,
    0.607866210447517,
    0.6079365274959937,
    0.6080597268608877,
    0.6080024865336884,
    0.6081311901410421,
    0.6081898458918235,
    0.6081797744994774,
    0.608196791252098
  ],
  "test_loss": [
    0.5597686083840409,
    0.5487311393467348,
    0.5506333188969952,
    0.5428699359202436,
    0.5628255961546257,
    0.5569074785531457,
    0.6110867026136882,
    0.5960504865087172,
    0.5713957253295475,
    0.5691491955124748,
    0.5914318162495139,
    0.6028273169165735,
    0.6062378039492219,
    0.6105255476955666,
    0.6234310799316048,
    0.6202654891939305,
    0.6207777931491958,
    0.6213091238221126,
    0.6221971853709678,
    0.6231645604949008,
    0.6246000208071808,
    0.6239977623862244,
    0.6241700332810376,
    0.6242402272183758,
    0.6243810958699632,
    0.6244348501091572,
    0.624534409818873,
    0.6245918922078635,
    0.6245805030184259,
    0.6245955916991366
  ],
  "train_mae": [],
  "val_mae": [],
  "test_mae": [],
  "train_corr": [],
  "val_corr": [],
  "test_corr": [],
  "train_acc": [],
  "val_acc": [
    0.75,
    0.75,
    0.7349624060150375,
    0.7434210526315789,
    0.7440476190476191,
    0.7355889724310777,
    0.7177318295739348,
    0.7296365914786966,
    0.7271303258145363,
    0.7305764411027569,
    0.7277568922305765,
    0.7268170426065163,
    0.7177318295739348,
    0.7214912280701755,
    0.7152255639097744,
    0.7192982456140351,
    0.7208646616541354,
    0.7211779448621554,
    0.7202380952380952,
    0.7196115288220551,
    0.7189849624060151,
    0.7208646616541353,
    0.7211779448621554,
    0.7202380952380952,
    0.7202380952380952,
    0.7202380952380952,
    0.7205513784461153,
    0.7205513784461153,
    0.7205513784461153,
    0.7205513784461153
  ],
  "test_acc": [
    0.7473347547974414,
    0.7481343283582089,
    0.7478678038379531,
    0.7505330490405117,
    0.7433368869936035,
    0.738272921108742,
    0.7081556503198294,
    0.7305437100213219,
    0.7422707889125799,
    0.7318763326226013,
    0.7342750533049041,
    0.7310767590618337,
    0.7294776119402985,
    0.730277185501066,
    0.7230810234541578,
    0.726545842217484,
    0.7260127931769722,
    0.7278784648187633,
    0.7281449893390192,
    0.7278784648187633,
    0.7278784648187633,
    0.7270788912579957,
    0.7270788912579957,
    0.7273454157782516,
    0.7268123667377399,
    0.7270788912579957,
    0.7276119402985075,
    0.7278784648187633,
    0.7278784648187633,
    0.7278784648187633
  ],
  "learning_rate": [
    0.002,
    0.002,
    0.002,
    0.002,
    0.002,
    0.002,
    0.002,
    0.002,
    0.002,
    0.002,
    0.0002,
    0.0002,
    0.0002,
    0.0002,
    0.0002,
    0.0002,
    2e-05,
    2e-05,
    2e-05,
    2e-05,
    2e-05,
    2e-05,
    2.0000000000000003e-06,
    2.0000000000000003e-06,
    2.0000000000000003e-06,
    2.0000000000000003e-06,
    2.0000000000000003e-06,
    2.0000000000000003e-06,
    2.0000000000000004e-07,
    2.0000000000000004e-07
  ],
  "epochs": [
    1,
    2,
    3,
    4,
    5,
    6,
    7,
    8,
    9,
    10,
    11,
    12,
    13,
    14,
    15,
    16,
    17,
    18,
    19,
    20,
    21,
    22,
    23,
    24,
    25,
    26,
    27,
    28,
    29,
    30
  ]
}