{
  "train_loss": [
    0.5538096532340782,
    0.5451324795992181,
    0.540840436572488,
    0.533712088074542,
    0.5283319260164092,
    0.5212379892959637,
    0.5169553881977953,
    0.5078057550993482,
    0.5021587356754994,
    0.49958504586698904,
    0.49193230469875315,
    0.48712537110531906,
    0.4832519777215137,
    0.47970872085279603,
    0.47558221876906437,
    0.4743906799751825,
    0.46585126942380806,
    0.4571573933258099,
    0.4599684952899819,
    0.4496504589833009,
    0.44672561866595634,
    0.44217672212447673,
    0.4464418005100892,
    0.43755520560480804,
    0.43737536793822174,
    0.41649888512357264,
    0.4014739682668265,
    0.4015154123284337,
    0.3922567051322222,
    0.3940813778339171
  ],
  "val_loss": [
    0.5437886753775422,
    0.549231433480007,
    0.5407015999456993,
    0.5318141829101065,
    0.5364536940304557,
    0.5418121923778888,
    0.5434286041666093,
    0.559444066426509,
    0.576277506381348,
    0.574366099105443,
    0.5639118995881618,
    0.5862302312576083,
    0.5598970576934049,
    0.601521901170114,
    0.5780891105345914,
    0.5704881224715919,
    0.578066688357738,
    0.601167006600172,
    0.6376972905077731,
    0.6784443051593944,
    0.6594339177423253,
    0.6219749954111295,
    0.6302353408103599,
    0.6316382533924323,
    0.6470546638756468,
    0.6530828922613522,
    0.6678855284712368,
    0.6789713869417521,
    0.6996448792909321,
    0.689826788758873
  ],
  "test_loss": [
    0.5458290931512552,
    0.549354666077506,
    0.5443649852453772,
    0.543696462980974,
    0.5447112202390171,
    0.5557322036991241,
    0.573625670694339,
    0.5715455073537603,
    0.5990467007988806,
    0.575989859698932,
    0.5668407482887382,
    0.6204432500705027,
    0.5767258701802317,
    0.6126947706696321,
    0.5925319166834166,
    0.5890787922497243,
    0.5944634442136232,
    0.6280074305117511,
    0.6625669345672704,
    0.697989166037106,
    0.6733184858425848,
    0.6388597267268817,
    0.64381939884442,
    0.6171404831826306,
    0.6684076802562803,
    0.6771890427003792,
    0.6938542466936335,
    0.6932872035610143,
    0.7158247015115294,
    0.7126656431379095
  ],
  "train_mae": [],
  "val_mae": [],
  "test_mae": [],
  "train_corr": [],
  "val_corr": [],
  "test_corr": [],
  "train_acc": [],
  "val_acc": [
    0.75,
    0.75,
    0.75,
    0.7456140350877193,
    0.7481203007518796,
    0.7415413533834587,
    0.7468671679197995,
    0.7368421052631579,
    0.7362155388471178,
    0.7406015037593985,
    0.7340225563909775,
    0.7302631578947368,
    0.7406015037593985,
    0.7243107769423559,
    0.7330827067669172,
    0.7343358395989975,
    0.7387218045112782,
    0.7343358395989976,
    0.7218045112781953,
    0.7230576441102757,
    0.7052005012531328,
    0.724937343358396,
    0.7224310776942356,
    0.7145989974937343,
    0.7155388471177945,
    0.7221177944862156,
    0.7243107769423559,
    0.7202380952380952,
    0.7205513784461153,
    0.7202380952380952
  ],
  "test_acc": [
    0.75,
    0.75,
    0.75,
    0.7460021321961621,
    0.7470682302771854,
    0.7342750533049041,
    0.7420042643923241,
    0.7374733475479744,
    0.7428038379530917,
    0.7438699360341152,
    0.7420042643923241,
    0.7228144989339019,
    0.7430703624733476,
    0.7294776119402984,
    0.7350746268656716,
    0.7340085287846482,
    0.738272921108742,
    0.7276119402985074,
    0.7238805970149254,
    0.7238805970149254,
    0.714818763326226,
    0.7313432835820896,
    0.7257462686567164,
    0.7257462686567164,
    0.7238805970149254,
    0.7172174840085288,
    0.7177505330490406,
    0.715085287846482,
    0.7137526652452025,
    0.7182835820895521
  ],
  "learning_rate": [
    0.002,
    0.002,
    0.002,
    0.002,
    0.002,
    0.002,
    0.002,
    0.002,
    0.002,
    0.002,
    0.002,
    0.002,
    0.002,
    0.002,
    0.002,
    0.002,
    0.002,
    0.002,
    0.002,
    0.002,
    0.002,
    0.002,
    0.002,
    0.002,
    0.002,
    0.0002,
    0.0002,
    0.0002,
    0.0002,
    0.0002
  ],
  "epochs": [
    1,
    2,
    3,
    4,
    5,
    6,
    7,
    8,
    9,
    10,
    11,
    12,
    13,
    14,
    15,
    16,
    17,
    18,
    19,
    20,
    21,
    22,
    23,
    24,
    25,
    26,
    27,
    28,
    29,
    30
  ]
}