{
  "train_loss": [
    0.5516773850592261,
    0.5406843009660206,
    0.5318385790190278,
    0.5231049089121125,
    0.5147144689821433,
    0.5069920979837832,
    0.49647320959995367,
    0.4881865053568248,
    0.48252484089405956,
    0.4745119115119038,
    0.4643649608061337,
    0.4630381918958236,
    0.4497083313420366,
    0.4423111930769245,
    0.4396055571989931,
    0.42964530695349057,
    0.42462760714603603,
    0.4145268203144263,
    0.4205018908695829,
    0.4070428482170793,
    0.4025276622045641,
    0.3951805160902948,
    0.38840145087654554,
    0.3613481217550363,
    0.345247964166656,
    0.34633999998226384,
    0.34338546601077147,
    0.33830533523001477,
    0.33510439277221754,
    0.3307599987358919
  ],
  "val_loss": [
    0.542926639990699,
    0.535115050642114,
    0.5413884813325447,
    0.5465840918378424,
    0.5431488903244037,
    0.5506697869241088,
    0.5494934172558605,
    0.5578207083812035,
    0.5573164974537709,
    0.5654005600993794,
    0.5858320035133744,
    0.5800170230686217,
    0.6095196252179923,
    0.5963074068975329,
    0.5912706245455825,
    0.6277705671494467,
    0.6313630067614984,
    0.6511447549165043,
    0.624822169318235,
    0.6676153241841117,
    0.6454099463042161,
    0.6938563945299402,
    0.7192832906742144,
    0.7196492124022099,
    0.7322827121966464,
    0.7664397326029632,
    0.7703268112694112,
    0.7797262705955887,
    0.7957200596207067,
    0.8085747307404539
  ],
  "test_loss": [
    0.5496509757631624,
    0.5403068892991365,
    0.5457421388707435,
    0.5554027071893851,
    0.5528633065823553,
    0.5575770085046032,
    0.5866306277988816,
    0.5746005120307907,
    0.5699213344151023,
    0.5758594564283326,
    0.5991465553546003,
    0.5912874718464768,
    0.5999728776752822,
    0.6039007556463863,
    0.6241070597664888,
    0.6321054667806321,
    0.6425157671671178,
    0.6420107222060913,
    0.6424721223967416,
    0.7030849971496729,
    0.6834834215483432,
    0.7052412557322333,
    0.6932246390182072,
    0.7064113816472767,
    0.7193146754683716,
    0.7306633506502423,
    0.7467556037882498,
    0.7565255372254833,
    0.757081590735836,
    0.7744315129353293
  ],
  "train_mae": [],
  "val_mae": [],
  "test_mae": [],
  "train_corr": [],
  "val_corr": [],
  "test_corr": [],
  "train_acc": [],
  "val_acc": [
    0.75,
    0.75,
    0.7490601503759398,
    0.7490601503759398,
    0.7468671679197995,
    0.7440476190476191,
    0.7333959899749374,
    0.7340225563909775,
    0.7293233082706767,
    0.7280701754385965,
    0.7283834586466166,
    0.7224310776942356,
    0.7117794486215538,
    0.719611528822055,
    0.7202380952380952,
    0.7036340852130325,
    0.7083333333333334,
    0.706140350877193,
    0.7102130325814536,
    0.7058270676691729,
    0.7042606516290726,
    0.6995614035087718,
    0.6948621553884712,
    0.693609022556391,
    0.6914160401002507,
    0.6885964912280702,
    0.6895363408521303,
    0.6860902255639098,
    0.6848370927318295,
    0.6845238095238095
  ],
  "test_acc": [
    0.75,
    0.75,
    0.75,
    0.7417377398720683,
    0.7473347547974414,
    0.7388059701492538,
    0.7302771855010661,
    0.7364072494669509,
    0.7417377398720681,
    0.7332089552238807,
    0.7292110874200426,
    0.7281449893390193,
    0.7281449893390192,
    0.7244136460554371,
    0.7230810234541578,
    0.7201492537313432,
    0.7217484008528784,
    0.7145522388059702,
    0.7110874200426439,
    0.7102878464818763,
    0.7100213219616205,
    0.7078891257995736,
    0.7148187633262261,
    0.7102878464818764,
    0.7094882729211087,
    0.7062899786780383,
    0.7065565031982942,
    0.7033582089552239,
    0.7057569296375267,
    0.7038912579957356
  ],
  "learning_rate": [
    0.001,
    0.001,
    0.001,
    0.001,
    0.001,
    0.001,
    0.001,
    0.001,
    0.001,
    0.001,
    0.001,
    0.001,
    0.001,
    0.001,
    0.001,
    0.001,
    0.001,
    0.001,
    0.001,
    0.001,
    0.001,
    0.001,
    0.001,
    0.0001,
    0.0001,
    0.0001,
    0.0001,
    0.0001,
    0.0001,
    0.0001
  ],
  "epochs": [
    1,
    2,
    3,
    4,
    5,
    6,
    7,
    8,
    9,
    10,
    11,
    12,
    13,
    14,
    15,
    16,
    17,
    18,
    19,
    20,
    21,
    22,
    23,
    24,
    25,
    26,
    27,
    28,
    29,
    30
  ]
}