{
  "train_loss": [
    0.7578407720463337,
    0.6772635486376252,
    0.6550467813568461,
    0.6469520944876077,
    0.6338126313141657,
    0.6267035170526141,
    0.6228835977760875,
    0.6162321942008536,
    0.6147620553233146,
    0.6059229420444391,
    0.6060630479754734,
    0.6000240766927627,
    0.5973962293920688,
    0.5943210467789288,
    0.5941078345572322,
    0.5944960207006269,
    0.5882000325284839,
    0.5860974669865383,
    0.5861388729378886,
    0.5828155464625425
  ],
  "val_loss": [
    0.6909761018832057,
    0.6325222598174751,
    0.6395466435025683,
    0.6130129298636264,
    0.6227852463849658,
    0.6220348322856624,
    0.6787650135033657,
    0.6786920083582179,
    0.644221824831277,
    0.6046744686502113,
    0.6319064474373435,
    0.6396516416239777,
    0.6389082582604751,
    0.6547253934346948,
    0.6275723792855463,
    0.6316597378553394,
    0.646514043299544,
    0.6562264619473784,
    0.6286532954058502,
    0.6441138375894964
  ],
  "test_loss": [
    0.7335984295185709,
    0.6518226038311961,
    0.6549119809252634,
    0.6273458769365451,
    0.6390610959146585,
    0.6566856080727353,
    0.6884649564376344,
    0.6895979452629565,
    0.6540183484695019,
    0.6151631896102805,
    0.6397092328559792,
    0.6542739429604881,
    0.6499620866279127,
    0.646788265897522,
    0.6338294233905319,
    0.6376777719878208,
    0.6486795522875478,
    0.6458661037086033,
    0.6519160367985042,
    0.6541471550407827
  ],
  "train_mae": [],
  "val_mae": [
    0.690976083278656,
    0.6325222849845886,
    0.6395466327667236,
    0.613012969493866,
    0.622785210609436,
    0.6220348477363586,
    0.6787649989128113,
    0.6786920428276062,
    0.644221842288971,
    0.6046744585037231,
    0.6319063901901245,
    0.6396516561508179,
    0.6389082074165344,
    0.6547253727912903,
    0.6275724172592163,
    0.6316598057746887,
    0.6465140581130981,
    0.6562265157699585,
    0.628653347492218,
    0.6441138386726379
  ],
  "test_mae": [
    0.7335984110832214,
    0.6518226265907288,
    0.654911994934082,
    0.627345860004425,
    0.6390610933303833,
    0.6566855907440186,
    0.6884649395942688,
    0.6895979642868042,
    0.6540182828903198,
    0.6151632070541382,
    0.6397092342376709,
    0.6542739272117615,
    0.6499620676040649,
    0.6467882990837097,
    0.6338294148445129,
    0.637677788734436,
    0.6486795544624329,
    0.6458660960197449,
    0.6519160270690918,
    0.6541471481323242
  ],
  "train_corr": [],
  "val_corr": [
    0.5552785159352196,
    0.6139867533773492,
    0.5996555733529916,
    0.6148781599554927,
    0.6268184873317126,
    0.6358874888125153,
    0.6132196325337674,
    0.5953001895813547,
    0.6154184828250612,
    0.622243843152328,
    0.6263248653530333,
    0.6186997485213075,
    0.6309644641884129,
    0.596743244952213,
    0.6220626389180949,
    0.6207538507238062,
    0.6189014376705207,
    0.6052608105502594,
    0.6288000487929422,
    0.6189075971981479
  ],
  "test_corr": [
    0.5890042091930026,
    0.6331965690955473,
    0.6302848284258374,
    0.6538567816647833,
    0.6583915298697319,
    0.6506575920728643,
    0.6511066212406743,
    0.6299025280328269,
    0.6521518703422403,
    0.6683902935069844,
    0.6654756244983063,
    0.6592423721863674,
    0.6624364673126507,
    0.6639070121263371,
    0.6718179601916451,
    0.6713736425784532,
    0.6723369692259127,
    0.6673679180544411,
    0.6655595996369772,
    0.667306961911333
  ],
  "train_acc": [],
  "val_acc": [
    0.7691237830319889,
    0.7593880389429764,
    0.7872044506258693,
    0.7872044506258693,
    0.7899860917941586,
    0.7920723226703755,
    0.7892906815020863,
    0.7795549374130737,
    0.7649513212795549,
    0.7753824756606398,
    0.7280945757997218,
    0.7760778859527121,
    0.7941585535465925,
    0.7677329624478443,
    0.7837273991655076,
    0.7955493741307371,
    0.7816411682892906,
    0.7719054242002782,
    0.7962447844228094,
    0.7878998609179416
  ],
  "test_acc": [
    0.7622454595487067,
    0.7914144193725922,
    0.779306549257017,
    0.7988442487616951,
    0.8087506879471656,
    0.7892129884424877,
    0.790588882773803,
    0.8007705008255366,
    0.7963676389653275,
    0.810401761144744,
    0.7696752889378096,
    0.8076499724821133,
    0.810126582278481,
    0.8051733626857457,
    0.810401761144744,
    0.8112272977435333,
    0.8115024766097964,
    0.8048981838194826,
    0.8120528343423226,
    0.8095762245459549
  ],
  "learning_rate": [
    0.001,
    0.001,
    0.001,
    0.001,
    0.001,
    0.001,
    0.001,
    0.001,
    0.001,
    0.001,
    0.001,
    0.001,
    0.001,
    0.001,
    0.001,
    0.001,
    0.001,
    0.001,
    0.001,
    0.001
  ],
  "epochs": [
    1,
    2,
    3,
    4,
    5,
    6,
    7,
    8,
    9,
    10,
    11,
    12,
    13,
    14,
    15,
    16,
    17,
    18,
    19,
    20
  ]
}