{
  "train_loss": [
    0.809457671462679,
    0.705467465491428,
    0.6722261703629185,
    0.664475009252405,
    0.6539562734321507,
    0.6414572034675994,
    0.6391269085630108,
    0.6328292468533743,
    0.6232926378307952,
    0.6211723163258456,
    0.6178409965996589,
    0.616981473182852,
    0.6120569348941316,
    0.6108548550589418,
    0.5898884640712007,
    0.5837281469356542,
    0.5843283189623785,
    0.5823773523763189,
    0.5791842954774763,
    0.5771969469770941
  ],
  "val_loss": [
    0.8423837750497061,
    0.6249846671909524,
    0.671262430322801,
    0.7581902906131388,
    0.6749810778094383,
    0.62997612737832,
    0.6587942923408724,
    0.6040567033657857,
    0.6395813533165186,
    0.6361527440702132,
    0.6460258511220115,
    0.6283722310254817,
    0.64516395639443,
    0.6893644760408101,
    0.6642943321862111,
    0.6464998584135149,
    0.6670926948845036,
    0.6495276036140181,
    0.6728119652326064,
    0.6446216166624724
  ],
  "test_loss": [
    0.8841644084665954,
    0.6472145101752346,
    0.6789265265470412,
    0.7533525753927016,
    0.6747806966240811,
    0.6390572258473773,
    0.6689311322620382,
    0.6158311113852701,
    0.6748652470472623,
    0.6454260694696607,
    0.6641888477229643,
    0.6433968940475105,
    0.6561982062439162,
    0.7020548188806629,
    0.6715833323852369,
    0.656396640795294,
    0.6783623838788017,
    0.6602160633441895,
    0.6827261758531258,
    0.6552639150151267
  ],
  "train_mae": [],
  "val_mae": [
    0.8423838019371033,
    0.6249846816062927,
    0.6712623834609985,
    0.7581902742385864,
    0.6749811172485352,
    0.6299760937690735,
    0.6587942838668823,
    0.6040567755699158,
    0.6395813822746277,
    0.6361526846885681,
    0.6460258364677429,
    0.6283722519874573,
    0.645163893699646,
    0.6893645524978638,
    0.6642943620681763,
    0.6464998126029968,
    0.6670926809310913,
    0.6495276093482971,
    0.6728119850158691,
    0.6446216702461243
  ],
  "test_mae": [
    0.8841644525527954,
    0.6472144722938538,
    0.6789265275001526,
    0.7533525824546814,
    0.6747806668281555,
    0.6390572190284729,
    0.6689311265945435,
    0.6158311367034912,
    0.6748652458190918,
    0.6454260945320129,
    0.6641888618469238,
    0.6433969140052795,
    0.6561982035636902,
    0.7020548582077026,
    0.671583354473114,
    0.6563966274261475,
    0.6783623695373535,
    0.6602160930633545,
    0.6827262043952942,
    0.6552639007568359
  ],
  "train_corr": [],
  "val_corr": [
    0.5176309320108207,
    0.5902130321729149,
    0.5964675593506938,
    0.5932704361355934,
    0.6130395265860779,
    0.6186598164691042,
    0.6184326998016343,
    0.6238618179052218,
    0.632577901539994,
    0.6308822440462145,
    0.6380978962076733,
    0.6353125374219616,
    0.622010603213284,
    0.6319116473392401,
    0.6345232537906433,
    0.6375308622698612,
    0.6363164739377902,
    0.6366822802042388,
    0.6347373154321835,
    0.6358341199069931
  ],
  "test_corr": [
    0.5529972455477832,
    0.6163466376561979,
    0.6328612139713581,
    0.6326628530393333,
    0.6487098546110047,
    0.6551464198196664,
    0.6587607551034474,
    0.666359986725664,
    0.6559423709029997,
    0.6698957842309046,
    0.6721943082332742,
    0.6652356297361074,
    0.6576160143001836,
    0.6712720148624698,
    0.6765430301816258,
    0.6783057457114996,
    0.676883975092309,
    0.6780062624940664,
    0.6763451063540884,
    0.6785372563775639
  ],
  "train_acc": [],
  "val_acc": [
    0.7628650904033379,
    0.7691237830319889,
    0.786509040333797,
    0.7663421418636995,
    0.7705146036161336,
    0.7920723226703755,
    0.7906815020862309,
    0.7774687065368567,
    0.7677329624478443,
    0.7906815020862309,
    0.7872044506258693,
    0.7899860917941586,
    0.7851182197496523,
    0.8031988873435327,
    0.7962447844228094,
    0.7899860917941586,
    0.7955493741307371,
    0.7955493741307371,
    0.8004172461752433,
    0.799721835883171
  ],
  "test_acc": [
    0.7564667033571821,
    0.7933406714364337,
    0.7999449642267474,
    0.7963676389653275,
    0.7949917446340121,
    0.7971931755641167,
    0.8035222894881673,
    0.8048981838194826,
    0.7578425976884975,
    0.802421574023115,
    0.7958172812328013,
    0.8057237204182719,
    0.7936158503026968,
    0.8073747936158503,
    0.8076499724821133,
    0.8082003302146396,
    0.8046230049532196,
    0.806549257017061,
    0.8057237204182719,
    0.8059988992845349
  ],
  "learning_rate": [
    0.001,
    0.001,
    0.001,
    0.001,
    0.001,
    0.001,
    0.001,
    0.001,
    0.001,
    0.001,
    0.001,
    0.001,
    0.001,
    0.001,
    0.0001,
    0.0001,
    0.0001,
    0.0001,
    0.0001,
    0.0001
  ],
  "epochs": [
    1,
    2,
    3,
    4,
    5,
    6,
    7,
    8,
    9,
    10,
    11,
    12,
    13,
    14,
    15,
    16,
    17,
    18,
    19,
    20
  ]
}