{
  "train_loss": [
    0.8012461951151938,
    0.7487281839680792,
    0.7034221879994622,
    0.6753819293431408,
    0.6547895584432982,
    0.6488273404150723,
    0.6386340881305247,
    0.6326930809149508,
    0.6297763323471357,
    0.6247118906721858,
    0.6214735500809317,
    0.6223531177519116,
    0.6167903305136894,
    0.6153755545703772,
    0.6095939303647796,
    0.6042353127584816,
    0.6055409361827495,
    0.6005559696639181,
    0.602841267103251,
    0.5990391056881982
  ],
  "val_loss": [
    0.6801244569997109,
    0.7123587905309342,
    0.6748233698766414,
    0.7152196122388161,
    0.6486215609270644,
    0.6630640030225797,
    0.6215715314346734,
    0.6583269052426488,
    0.612556744074197,
    0.6687957277150157,
    0.6074709572109037,
    0.6326180925699302,
    0.6189555014791749,
    0.6076599381175161,
    0.7257450312168952,
    0.6281041519518271,
    0.6433373709084323,
    0.6204501896666563,
    0.7110157669832973,
    0.6660681676252967
  ],
  "test_loss": [
    0.7386227726399016,
    0.7685893606182638,
    0.6990199047663509,
    0.7405763169449525,
    0.6616071176441936,
    0.6807621828755945,
    0.6423209731633582,
    0.6782501033253617,
    0.6288150115749002,
    0.6861637408102907,
    0.6387760027152424,
    0.6493758045058569,
    0.6391640136006002,
    0.6281759039440695,
    0.7590030218608698,
    0.6505435764418571,
    0.6682534337581086,
    0.6488493104097695,
    0.730751917274706,
    0.6821216129135947
  ],
  "train_mae": [],
  "val_mae": [
    0.6801243424415588,
    0.7123587727546692,
    0.6748233437538147,
    0.7152196168899536,
    0.6486215591430664,
    0.6630640029907227,
    0.6215715408325195,
    0.6583268642425537,
    0.6125566959381104,
    0.6687957644462585,
    0.6074709296226501,
    0.6326180696487427,
    0.6189556121826172,
    0.6076598763465881,
    0.7257450222969055,
    0.6281041502952576,
    0.6433373689651489,
    0.6204501986503601,
    0.7110158205032349,
    0.6660681962966919
  ],
  "test_mae": [
    0.738622784614563,
    0.7685893774032593,
    0.6990199089050293,
    0.7405763268470764,
    0.6616071462631226,
    0.6807622313499451,
    0.6423209309577942,
    0.6782501339912415,
    0.6288149952888489,
    0.6861637234687805,
    0.6387760639190674,
    0.6493757963180542,
    0.6391640305519104,
    0.6281759142875671,
    0.7590030431747437,
    0.6505435109138489,
    0.6682534217834473,
    0.6488492488861084,
    0.7307519316673279,
    0.6821216344833374
  ],
  "train_corr": [],
  "val_corr": [
    0.4702269793172145,
    0.5287218060647404,
    0.578860696981162,
    0.5938865759178007,
    0.5661450551149743,
    0.6016889493579908,
    0.598393710807696,
    0.6051224195359635,
    0.6144175113594316,
    0.600550405939526,
    0.6202431854708923,
    0.6143674314783037,
    0.6285537004464447,
    0.6231795164288384,
    0.6253563772851195,
    0.6246546105715909,
    0.6314647502958626,
    0.6265611131405109,
    0.6283183014348966,
    0.6313004103083656
  ],
  "test_corr": [
    0.4628665843678872,
    0.5366528159090901,
    0.6113487007035043,
    0.6269255517392757,
    0.6228865244024967,
    0.6264592930570912,
    0.6320538416451782,
    0.642184636288392,
    0.6483024709930874,
    0.6333533054962054,
    0.6278470972551957,
    0.6492792481964329,
    0.6616275911596399,
    0.6518819782701607,
    0.6517662489964261,
    0.6578310553559644,
    0.6444350534717437,
    0.6553405678989473,
    0.661432926775225,
    0.6627143249309054
  ],
  "train_acc": [],
  "val_acc": [
    0.7600834492350487,
    0.760778859527121,
    0.7851182197496523,
    0.7753824756606398,
    0.7531293463143255,
    0.7878998609179416,
    0.7726008344923505,
    0.758692628650904,
    0.7858136300417247,
    0.7698191933240612,
    0.780250347705146,
    0.7851182197496523,
    0.778164116828929,
    0.7531293463143255,
    0.7872044506258693,
    0.7649513212795549,
    0.7885952712100139,
    0.7844228094575799,
    0.7927677329624478,
    0.7872044506258693
  ],
  "test_acc": [
    0.7539900935608145,
    0.7765547605943863,
    0.7801320858558063,
    0.7757292239955972,
    0.7649972482113374,
    0.7779306549257017,
    0.7949917446340121,
    0.790588882773803,
    0.7768299394606494,
    0.771326362135388,
    0.7817831590533847,
    0.7974683544303798,
    0.7671986791414419,
    0.7878370941111723,
    0.7740781507980187,
    0.7894881673087507,
    0.7889378095762245,
    0.7771051183269125,
    0.7853604843148047,
    0.7798569069895432
  ],
  "learning_rate": [
    0.001,
    0.001,
    0.001,
    0.001,
    0.001,
    0.001,
    0.001,
    0.001,
    0.001,
    0.001,
    0.001,
    0.001,
    0.001,
    0.001,
    0.001,
    0.001,
    0.001,
    0.001,
    0.001,
    0.001
  ],
  "epochs": [
    1,
    2,
    3,
    4,
    5,
    6,
    7,
    8,
    9,
    10,
    11,
    12,
    13,
    14,
    15,
    16,
    17,
    18,
    19,
    20
  ]
}