{
  "train_loss": [
    0.8086539133351821,
    0.6943827755936335,
    0.6703896681847386,
    0.6547267323657168,
    0.6440638180429206,
    0.6353823568625849,
    0.6269003445430669,
    0.6215002064711905,
    0.6160053594591687,
    0.6137632932584689,
    0.6058272310847178,
    0.6029707012873983,
    0.6005470778199369,
    0.6018265737967939,
    0.596013872362477,
    0.5933683176375364,
    0.5941132136555435,
    0.5890729593891848,
    0.5897519989412643,
    0.5844776678301461
  ],
  "val_loss": [
    0.6755497720329472,
    0.6300250543814047,
    0.6894751243703445,
    0.6806609886078705,
    0.6581720972143986,
    0.6596958272473689,
    0.6331307611192757,
    0.6944190298153843,
    0.6422537555355621,
    0.6573183285495549,
    0.5983035687072464,
    0.6062771724482261,
    0.6825452152577904,
    0.6707143982357675,
    0.6387987991885538,
    0.6067247675231024,
    0.6191191260092147,
    0.6203641099511844,
    0.6400298823302344,
    0.6193974293023746
  ],
  "test_loss": [
    0.7146067100421736,
    0.6472672606056968,
    0.6880836173632954,
    0.6833713511382851,
    0.6750891494326234,
    0.6740520452322124,
    0.647658516138146,
    0.69189747108055,
    0.6508429888735823,
    0.6532239132517011,
    0.6112194393013239,
    0.6079568282668492,
    0.6894608718703095,
    0.6821158555577973,
    0.6394111663902694,
    0.6134177592210591,
    0.6303827736824975,
    0.6247615486952747,
    0.645572457517721,
    0.6344250863420782
  ],
  "train_mae": [],
  "val_mae": [
    0.6755497455596924,
    0.6300250291824341,
    0.6894751191139221,
    0.6806610226631165,
    0.658172070980072,
    0.6596958041191101,
    0.6331307291984558,
    0.6944190859794617,
    0.6422537565231323,
    0.6573182940483093,
    0.5983036160469055,
    0.6062771677970886,
    0.6825452446937561,
    0.6707144379615784,
    0.6387987732887268,
    0.606724739074707,
    0.6191191077232361,
    0.6203641891479492,
    0.6400298476219177,
    0.6193974018096924
  ],
  "test_mae": [
    0.7146067023277283,
    0.6472672820091248,
    0.6880835890769958,
    0.683371365070343,
    0.6750891804695129,
    0.6740520596504211,
    0.6476584672927856,
    0.691897451877594,
    0.6508429646492004,
    0.6532238721847534,
    0.6112194657325745,
    0.6079568266868591,
    0.6894608736038208,
    0.6821158528327942,
    0.6394111514091492,
    0.6134178042411804,
    0.630382776260376,
    0.6247615814208984,
    0.6455724835395813,
    0.6344250440597534
  ],
  "train_corr": [],
  "val_corr": [
    0.5519734235115606,
    0.6008114192239434,
    0.5958284244979724,
    0.6063478297780897,
    0.6190839453829412,
    0.6098774689907862,
    0.6229199223682211,
    0.6007592221996544,
    0.620987935165211,
    0.6190417904610735,
    0.641358875235883,
    0.6293014766904751,
    0.6242891666676237,
    0.6255356782520106,
    0.6136012062226848,
    0.631424245541675,
    0.6368414110520196,
    0.625153727297842,
    0.6300900945700705,
    0.6337760886156621
  ],
  "test_corr": [
    0.5924106337143241,
    0.6427299749131655,
    0.6413308326232411,
    0.6472659800673881,
    0.6560105490904997,
    0.6468567793237949,
    0.6560936480725624,
    0.6487773560115132,
    0.6599729504708435,
    0.6634022590665548,
    0.6731620784483445,
    0.676674995780011,
    0.6685919533189495,
    0.6684807747452663,
    0.6659542096591199,
    0.6775765857170651,
    0.6770110302951243,
    0.6720757374246703,
    0.6767976463514207,
    0.6770108876898232
  ],
  "train_acc": [],
  "val_acc": [
    0.7858136300417247,
    0.7760778859527121,
    0.7573018080667594,
    0.7816411682892906,
    0.7948539638386648,
    0.7955493741307371,
    0.7878998609179416,
    0.7795549374130737,
    0.7948539638386648,
    0.7746870653685675,
    0.7920723226703755,
    0.7795549374130737,
    0.7795549374130737,
    0.7913769123783032,
    0.7705146036161336,
    0.7788595271210014,
    0.7920723226703755,
    0.7837273991655076,
    0.782336578581363,
    0.7872044506258693
  ],
  "test_acc": [
    0.7743533296642818,
    0.7941662080352229,
    0.7897633461750138,
    0.7947165657677491,
    0.7969179966978536,
    0.8073747936158503,
    0.7980187121629059,
    0.7991194276279582,
    0.7949917446340121,
    0.8070996147495872,
    0.8112272977435333,
    0.8018712162905889,
    0.8002201430930105,
    0.806549257017061,
    0.7996697853604843,
    0.8150798018712163,
    0.8093010456796919,
    0.8026967528893781,
    0.8059988992845349,
    0.8018712162905889
  ],
  "learning_rate": [
    0.001,
    0.001,
    0.001,
    0.001,
    0.001,
    0.001,
    0.001,
    0.001,
    0.001,
    0.001,
    0.001,
    0.001,
    0.001,
    0.001,
    0.001,
    0.001,
    0.001,
    0.001,
    0.001,
    0.001
  ],
  "epochs": [
    1,
    2,
    3,
    4,
    5,
    6,
    7,
    8,
    9,
    10,
    11,
    12,
    13,
    14,
    15,
    16,
    17,
    18,
    19,
    20
  ]
}