{
  "train_loss": [
    0.7592230496943384,
    0.7014312186428661,
    0.6793889542004502,
    0.672718159791434,
    0.6603576164246774,
    0.6573196692705067,
    0.6472181196556246,
    0.6396084101734888,
    0.6348725990762492,
    0.6299338614905594,
    0.6281710507697982,
    0.6231056333143133,
    0.6166904819927335,
    0.6124139699984982,
    0.6122302396703727,
    0.6068384538791525,
    0.6013908922183051,
    0.5977993901017161,
    0.5955123646388112,
    0.5915705767475797
  ],
  "val_loss": [
    0.6726922942380227,
    0.6468299206790282,
    0.6459878784714377,
    0.6413005661161617,
    0.6163527711325951,
    0.6395884753388559,
    0.6289688243641692,
    0.6293156528014158,
    0.6223397826778895,
    0.626641685442769,
    0.6265404669598804,
    0.6403355844705134,
    0.625755760709211,
    0.6254767801339839,
    0.6386295904105261,
    0.626733514218965,
    0.6258396802580592,
    0.6295098820387648,
    0.6171754687021022,
    0.6584112365445882
  ],
  "test_loss": [
    0.7089558127970879,
    0.6783334371689999,
    0.7052681056579108,
    0.676659186169374,
    0.6548453878501782,
    0.6589030570854929,
    0.6523373952544435,
    0.660589766850362,
    0.643788130069961,
    0.6455682305517972,
    0.6620527773769302,
    0.6546004724799371,
    0.6559472717352757,
    0.6400851139978269,
    0.6539156355809745,
    0.6513777486652129,
    0.6508169158074599,
    0.6416233954805242,
    0.6464582304249354,
    0.6645435104044652
  ],
  "train_mae": [],
  "val_mae": [
    0.6726922988891602,
    0.6468299627304077,
    0.6459879279136658,
    0.641300618648529,
    0.6163527965545654,
    0.639588475227356,
    0.6289688348770142,
    0.6293156743049622,
    0.6223397850990295,
    0.6266416311264038,
    0.62654048204422,
    0.6403355598449707,
    0.625755786895752,
    0.6254767775535583,
    0.6386296153068542,
    0.6267335414886475,
    0.6258397102355957,
    0.6295098662376404,
    0.6171755194664001,
    0.6584112644195557
  ],
  "test_mae": [
    0.7089558243751526,
    0.6783334612846375,
    0.7052680850028992,
    0.6766591668128967,
    0.6548454165458679,
    0.6589030623435974,
    0.6523374319076538,
    0.6605897545814514,
    0.6437881588935852,
    0.6455682516098022,
    0.6620528101921082,
    0.6546005010604858,
    0.655947208404541,
    0.6400851011276245,
    0.6539156436920166,
    0.65137779712677,
    0.6508169174194336,
    0.6416234374046326,
    0.6464582085609436,
    0.6645435690879822
  ],
  "train_corr": [],
  "val_corr": [
    0.5397941714417565,
    0.5678716644365671,
    0.5891391908146538,
    0.560888433202763,
    0.5987677645629351,
    0.584599856026715,
    0.5767244062160105,
    0.567036106753443,
    0.5781906531604446,
    0.5692711437545154,
    0.5860084985401474,
    0.5741282674599871,
    0.5863011756125696,
    0.5726375305182577,
    0.5574188621780577,
    0.5613395848932659,
    0.5641947610798966,
    0.5615990296070821,
    0.5832896748455435,
    0.5441219360016728
  ],
  "test_corr": [
    0.5637321137221852,
    0.6000345912341275,
    0.5810480501551218,
    0.5936218915892657,
    0.6066235768004058,
    0.617708189332589,
    0.6064487032147072,
    0.6039245750935576,
    0.6083944819356015,
    0.6058374973686388,
    0.6054170100499953,
    0.6082297498161053,
    0.6086306078177518,
    0.6145657331466808,
    0.6094830644881535,
    0.5957273882463577,
    0.588243772820617,
    0.6099961029073359,
    0.6011807300227141,
    0.5964310247202668
  ],
  "train_acc": [],
  "val_acc": [
    0.7719054242002782,
    0.7677329624478443,
    0.7684283727399166,
    0.7635605006954103,
    0.780250347705146,
    0.7795549374130737,
    0.7774687065368567,
    0.7795549374130737,
    0.7698191933240612,
    0.7698191933240612,
    0.7649513212795549,
    0.7482614742698191,
    0.7642559109874826,
    0.7677329624478443,
    0.7454798331015299,
    0.7162726008344924,
    0.7656467315716272,
    0.7732962447844228,
    0.7593880389429764,
    0.7127955493741307
  ],
  "test_acc": [
    0.7845349477160154,
    0.7903137039075399,
    0.7539900935608145,
    0.7749036873968079,
    0.7897633461750138,
    0.7922399559713814,
    0.7848101265822784,
    0.7886626307099615,
    0.7949917446340121,
    0.7892129884424877,
    0.7773802971931756,
    0.7861860209135938,
    0.7707760044028619,
    0.7958172812328013,
    0.7718767198679142,
    0.7671986791414419,
    0.7746285085305449,
    0.7845349477160154,
    0.7727022564667033,
    0.7545404512933407
  ],
  "learning_rate": [
    0.001,
    0.001,
    0.001,
    0.001,
    0.001,
    0.001,
    0.001,
    0.001,
    0.001,
    0.001,
    0.001,
    0.001,
    0.001,
    0.001,
    0.001,
    0.001,
    0.001,
    0.001,
    0.001,
    0.001
  ],
  "epochs": [
    1,
    2,
    3,
    4,
    5,
    6,
    7,
    8,
    9,
    10,
    11,
    12,
    13,
    14,
    15,
    16,
    17,
    18,
    19,
    20
  ]
}