{
  "train_loss": [
    0.8358791935725728,
    0.8219777049496085,
    0.8182946166892299,
    0.8159251394304563,
    0.8121965411727837,
    0.8141131567689232,
    0.8072430427447117,
    0.8051258689352772,
    0.8028392481932406,
    0.7999436801136759,
    0.7966416818494235,
    0.7940254460928502,
    0.7928595533926494,
    0.7920475243558256,
    0.7884981630042124,
    0.7865230336495069,
    0.7857951477770564,
    0.7820851447373998,
    0.7813832057277376,
    0.7808530465814394
  ],
  "val_loss": [
    0.7551983359470398,
    0.7536117638387124,
    0.7630704916906127,
    0.7517334840502858,
    0.7537239581298726,
    0.7496163119675959,
    0.7522042289830223,
    0.7545300306068392,
    0.7453506207606296,
    0.7477756508017275,
    0.7576842652101176,
    0.7575477686940126,
    0.7508341218302557,
    0.7531321281612015,
    0.7540830311642682,
    0.7561402279447579,
    0.7609008196392906,
    0.7548887913778847,
    0.7754185421781575,
    0.7657734610255805
  ],
  "test_loss": [
    0.8209221186518132,
    0.8166295024657306,
    0.822704982235596,
    0.8152764838354402,
    0.8203426017400968,
    0.813917674240981,
    0.821046690977702,
    0.8271322939932717,
    0.8169503020201407,
    0.8180933847374148,
    0.8292737201601427,
    0.8310409465248582,
    0.8187668614183841,
    0.8200799161642246,
    0.8176802439248518,
    0.8210209590934792,
    0.8218373976620668,
    0.8239262798590372,
    0.8320339220062452,
    0.834215049299464
  ],
  "train_mae": [],
  "val_mae": [
    0.7551982998847961,
    0.7536117434501648,
    0.7630704641342163,
    0.7517335414886475,
    0.7537239789962769,
    0.7496163249015808,
    0.752204179763794,
    0.7545299530029297,
    0.7453505992889404,
    0.747775673866272,
    0.7576842904090881,
    0.7575477361679077,
    0.750834047794342,
    0.7531320452690125,
    0.7540830373764038,
    0.7561402320861816,
    0.7609008550643921,
    0.7548888325691223,
    0.7754185199737549,
    0.7657734155654907
  ],
  "test_mae": [
    0.8209221363067627,
    0.8166294693946838,
    0.8227049708366394,
    0.8152764439582825,
    0.8203426003456116,
    0.8139176964759827,
    0.8210466504096985,
    0.8271322846412659,
    0.816950261592865,
    0.8180933594703674,
    0.8292737007141113,
    0.8310409784317017,
    0.8187668323516846,
    0.8200799226760864,
    0.8176802396774292,
    0.8210209608078003,
    0.8218374252319336,
    0.8239262700080872,
    0.8320339918136597,
    0.8342150449752808
  ],
  "train_corr": [],
  "val_corr": [
    0.2025950023893398,
    0.22118035798741345,
    0.1555537227470141,
    0.23183954107431148,
    0.21296332521890127,
    0.23589077355546254,
    0.2248566812181573,
    0.24888158030054486,
    0.2409536439259278,
    0.23790341464424156,
    0.2274406513138666,
    0.22806796439851545,
    0.23187353619041598,
    0.23434259287921172,
    0.23249953153983216,
    0.20035856901414412,
    0.22931209490244453,
    0.2414350195674283,
    0.228180443554563,
    0.23675492838392742
  ],
  "test_corr": [
    0.17369786954517105,
    0.20309731801998224,
    0.1663481288042834,
    0.23039704811446543,
    0.19710680177442252,
    0.2257879472421613,
    0.19732055697211948,
    0.22244516796854977,
    0.21583140613243088,
    0.21781666230068858,
    0.21293242434612408,
    0.21004593816318315,
    0.23531589873704176,
    0.23767864329732308,
    0.2418337712859141,
    0.21491479594941593,
    0.23743416271658327,
    0.22943658014220905,
    0.2501704603568005,
    0.23894448498669354
  ],
  "train_acc": [],
  "val_acc": [
    0.6307371349095967,
    0.6641168289290682,
    0.6682892906815021,
    0.6627260083449235,
    0.6585535465924895,
    0.6599443671766342,
    0.6641168289290682,
    0.6766342141863699,
    0.6717663421418637,
    0.6627260083449235,
    0.6668984700973575,
    0.6648122392211405,
    0.6710709318497914,
    0.6404728789986092,
    0.6578581363004172,
    0.652990264255911,
    0.650904033379694,
    0.6488178025034771,
    0.6536856745479833,
    0.6675938803894298
  ],
  "test_acc": [
    0.6312603192074848,
    0.6505228398458999,
    0.6392405063291139,
    0.6585030269675289,
    0.64336818932306,
    0.6565767749036874,
    0.6436433681893231,
    0.6557512383048982,
    0.6411667583929554,
    0.6463951568519538,
    0.6417171161254815,
    0.6499724821133737,
    0.6463951568519538,
    0.6480462300495322,
    0.6607044578976334,
    0.6455696202531646,
    0.6455696202531646,
    0.6532746285085306,
    0.659053384700055,
    0.6612548156301596
  ],
  "learning_rate": [
    0.001,
    0.001,
    0.001,
    0.001,
    0.001,
    0.001,
    0.001,
    0.001,
    0.001,
    0.001,
    0.001,
    0.001,
    0.001,
    0.001,
    0.001,
    0.001,
    0.001,
    0.001,
    0.001,
    0.001
  ],
  "epochs": [
    1,
    2,
    3,
    4,
    5,
    6,
    7,
    8,
    9,
    10,
    11,
    12,
    13,
    14,
    15,
    16,
    17,
    18,
    19,
    20
  ]
}