{
  "train_loss": [
    1.2930325990153992,
    1.1050636883465301,
    1.0554218143688927
  ],
  "val_loss": [
    1.3517442795907566,
    1.1499637901522708,
    1.156061636308395
  ],
  "test_loss": [
    1.551245714763163,
    1.1865045426538317,
    1.200260958935707
  ],
  "train_mae": [],
  "val_mae": [
    1.3517444133758545,
    1.1499638557434082,
    1.1560615301132202
  ],
  "test_mae": [
    1.5512456893920898,
    1.186504602432251,
    1.2002609968185425
  ],
  "train_corr": [],
  "val_corr": [
    0.4029164247111825,
    0.5126254117185757,
    0.5143500987698063
  ],
  "test_corr": [
    0.3459545419038187,
    0.4642417115570323,
    0.48103622237791943
  ],
  "train_acc": [],
  "val_acc": [
    0.6666666666666666,
    0.6990740740740741,
    0.7268518518518519
  ],
  "test_acc": [
    0.5853658536585366,
    0.6875,
    0.6554878048780488
  ],
  "learning_rate": [
    0.001,
    0.001,
    0.001
  ],
  "epochs": [
    1,
    2,
    3
  ]
}