{
  "train_loss": [
    1.3174091065041373,
    1.2593875265567103,
    1.110016100874571
  ],
  "val_loss": [
    1.410567150365838,
    1.3696559584296948,
    1.1938175821928998
  ],
  "test_loss": [
    1.4554853693041787,
    1.2775210656508065,
    1.1315681128043127
  ],
  "train_mae": [],
  "val_mae": [
    1.410567045211792,
    1.3696558475494385,
    1.1938174962997437
  ],
  "test_mae": [
    1.4554853439331055,
    1.277521014213562,
    1.1315680742263794
  ],
  "train_corr": [],
  "val_corr": [
    0.0903821259674535,
    0.231842995142796,
    0.5217236279232983
  ],
  "test_corr": [
    0.20813799382899653,
    0.2909163595811531,
    0.5156256966214716
  ],
  "train_acc": [],
  "val_acc": [
    0.5740740740740741,
    0.5925925925925926,
    0.7083333333333334
  ],
  "test_acc": [
    0.4253048780487805,
    0.6387195121951219,
    0.7439024390243902
  ],
  "learning_rate": [
    0.001,
    0.001,
    0.001
  ],
  "epochs": [
    1,
    2,
    3
  ]
}