{
  "train_loss": [
    1.3061743521616096,
    1.1492642223649308,
    1.0525283152440628,
    1.3061743521616096,
    1.1492642223649308,
    1.0525283152440628
  ],
  "val_loss": [
    1.51865001849212,
    1.3461853473988163,
    1.1454744031856154,
    1.51865001849212,
    1.3461853473988163,
    1.1454744031856154
  ],
  "test_loss": [
    1.3097042710718538,
    1.2045938287462508,
    1.1945051010426557,
    1.3097042710718538,
    1.2045938287462508,
    1.1945051010426557
  ],
  "train_mae": [],
  "val_mae": [
    1.5186500549316406,
    1.346185326576233,
    1.1454743146896362,
    1.5186500549316406,
    1.346185326576233,
    1.1454743146896362
  ],
  "test_mae": [
    1.309704303741455,
    1.2045938968658447,
    1.194504976272583,
    1.309704303741455,
    1.2045938968658447,
    1.194504976272583
  ],
  "train_corr": [],
  "val_corr": [
    0.3576853193692461,
    0.47159336022181986,
    0.506151483491179,
    0.3576853193692461,
    0.47159336022181986,
    0.506151483491179
  ],
  "test_corr": [
    0.36560622501340995,
    0.4848734564534092,
    0.49598137507104595,
    0.36560622501340995,
    0.4848734564534092,
    0.49598137507104595
  ],
  "train_acc": [],
  "val_acc": [
    0.5833333333333334,
    0.6805555555555556,
    0.7175925925925926,
    0.5833333333333334,
    0.6805555555555556,
    0.7175925925925926
  ],
  "test_acc": [
    0.6326219512195121,
    0.7149390243902439,
    0.676829268292683,
    0.6326219512195121,
    0.7149390243902439,
    0.676829268292683
  ],
  "learning_rate": [
    0.001,
    0.001,
    0.001,
    0.001,
    0.001,
    0.001
  ],
  "epochs": [
    1,
    2,
    3,
    1,
    2,
    3
  ]
}